P51587	[[0, 35], [35, 62], [62, 85], [85, 105], [105, 129], [129, 180], [180, 206], [206, 262], [262, 306], [306, 354], [354, 388], [388, 440], [440, 459], [459, 475], [475, 514], [514, 574], [574, 614], [614, 634], [634, 654], [654, 685], [685, 712], [712, 747], [747, 787], [787, 834], [834, 875], [875, 892], [892, 940], [940, 1004], [1004, 1038], [1038, 1102], [1102, 1130], [1130, 1214], [1214, 1247], [1247, 1311], [1311, 1353], [1353, 1424], [1424, 1452], [1452, 1520], [1520, 1548], [1548, 1589], [1589, 1664], [1664, 1696], [1696, 1738], [1738, 1762], [1762, 1840], [1840, 1869], [1869, 1973], [1973, 2004], [2004, 2054], [2054, 2084], [2084, 2149], [2149, 2222], [2222, 2240], [2240, 2266], [2266, 2301], [2301, 2335], [2335, 2356], [2356, 2417], [2417, 2477], [2477, 2547], [2547, 2577], [2577, 2633], [2633, 2651], [2651, 2696], [2696, 2714], [2714, 2758], [2758, 2791], [2791, 2809], [2809, 2843], [2843, 2873], [2873, 2893], [2893, 2925], [2925, 2963], [2963, 3013], [3013, 3038], [3038, 3070], [3070, 3091], [3091, 3127], [3127, 3152], [3152, 3187], [3187, 3267], [3267, 3328], [3328, 3353], [3353, 3392], [3392, 3418]]
O95613	[[0, 26], [26, 110], [110, 148], [148, 166], [166, 212], [212, 240], [240, 285], [285, 306], [306, 323], [323, 347], [347, 382], [382, 408], [408, 434], [434, 466], [466, 511], [511, 549], [549, 588], [588, 615], [615, 663], [663, 699], [699, 727], [727, 756], [756, 795], [795, 828], [828, 855], [855, 882], [882, 898], [898, 962], [962, 999], [999, 1034], [1034, 1090], [1090, 1109], [1109, 1155], [1155, 1190], [1190, 1248], [1248, 1329], [1329, 1362], [1362, 1385], [1385, 1406], [1406, 1443], [1443, 1506], [1506, 1525], [1525, 1560], [1560, 1622], [1622, 1639], [1639, 1676], [1676, 1716], [1716, 1753], [1753, 1787], [1787, 1826], [1826, 1860], [1860, 1884], [1884, 1921], [1921, 1951], [1951, 2006], [2006, 2041], [2041, 2063], [2063, 2084], [2084, 2124], [2124, 2165], [2165, 2213], [2213, 2247], [2247, 2297], [2297, 2324], [2324, 2378], [2378, 2410], [2410, 2451], [2451, 2486], [2486, 2516], [2516, 2573], [2573, 2613], [2613, 2647], [2647, 2669], [2669, 2685], [2685, 2722], [2722, 2771], [2771, 2789], [2789, 2827], [2827, 2853], [2853, 2885], [2885, 2904], [2904, 2945], [2945, 2967], [2967, 2989], [2989, 3044], [3044, 3087], [3087, 3125], [3125, 3160], [3160, 3194], [3194, 3220], [3220, 3260], [3260, 3298], [3298, 3336]]
P42858	[[0, 18], [18, 39], [39, 79], [79, 136], [136, 156], [156, 178], [178, 199], [199, 220], [220, 240], [240, 259], [259, 285], [285, 327], [327, 354], [354, 398], [398, 454], [454, 493], [493, 532], [532, 553], [553, 582], [582, 617], [617, 641], [641, 680], [680, 710], [710, 754], [754, 782], [782, 804], [804, 836], [836, 882], [882, 904], [904, 940], [940, 1003], [1003, 1042], [1042, 1064], [1064, 1104], [1104, 1135], [1135, 1160], [1160, 1231], [1231, 1267], [1267, 1325], [1325, 1352], [1352, 1422], [1422, 1449], [1449, 1481], [1481, 1515], [1515, 1553], [1553, 1571], [1571, 1671], [1671, 1717], [1717, 1740], [1740, 1773], [1773, 1848], [1848, 1890], [1890, 1932], [1932, 1962], [1962, 1982], [1982, 2018], [2018, 2066], [2066, 2097], [2097, 2139], [2139, 2164], [2164, 2182], [2182, 2235], [2235, 2278], [2278, 2323], [2323, 2356], [2356, 2406], [2406, 2438], [2438, 2498], [2498, 2517], [2517, 2570], [2570, 2587], [2587, 2632], [2632, 2668], [2668, 2695], [2695, 2740], [2740, 2792], [2792, 2831], [2831, 2876], [2876, 2930], [2930, 2952], [2952, 2980], [2980, 3011], [3011, 3048], [3048, 3073], [3073, 3112], [3112, 3144]]
P25054	[[0, 52], [52, 94], [94, 132], [132, 169], [169, 238], [238, 308], [308, 361], [361, 378], [378, 421], [421, 441], [441, 496], [496, 555], [555, 584], [584, 630], [630, 691], [691, 732], [732, 794], [794, 832], [832, 896], [896, 958], [958, 1036], [1036, 1072], [1072, 1102], [1102, 1131], [1131, 1159], [1159, 1187], [1187, 1222], [1222, 1261], [1261, 1283], [1283, 1330], [1330, 1374], [1374, 1445], [1445, 1490], [1490, 1511], [1511, 1584], [1584, 1664], [1664, 1733], [1733, 1846], [1846, 1866], [1866, 1912], [1912, 1955], [1955, 1976], [1976, 2011], [2011, 2048], [2048, 2099], [2099, 2128], [2128, 2146], [2146, 2193], [2193, 2238], [2238, 2295], [2295, 2347], [2347, 2369], [2369, 2415], [2415, 2433], [2433, 2483], [2483, 2529], [2529, 2581], [2581, 2620], [2620, 2664], [2664, 2705], [2705, 2728], [2728, 2760], [2760, 2815], [2815, 2843]]
Q6UB99	[[0, 93], [93, 127], [127, 160], [160, 194], [194, 246], [246, 288], [288, 342], [342, 403], [403, 445], [445, 476], [476, 530], [530, 553], [553, 588], [588, 626], [626, 643], [643, 684], [684, 731], [731, 779], [779, 807], [807, 831], [831, 860], [860, 886], [886, 914], [914, 940], [940, 1007], [1007, 1031], [1031, 1068], [1068, 1089], [1089, 1113], [1113, 1160], [1160, 1196], [1196, 1218], [1218, 1273], [1273, 1342], [1342, 1363], [1363, 1387], [1387, 1425], [1425, 1456], [1456, 1478], [1478, 1499], [1499, 1543], [1543, 1571], [1571, 1614], [1614, 1659], [1659, 1704], [1704, 1741], [1741, 1783], [1783, 1823], [1823, 1860], [1860, 1924], [1924, 1950], [1950, 1977], [1977, 1996], [1996, 2028], [2028, 2074], [2074, 2094], [2094, 2146], [2146, 2168], [2168, 2186], [2186, 2211], [2211, 2231], [2231, 2251], [2251, 2281], [2281, 2329], [2329, 2348], [2348, 2391], [2391, 2437], [2437, 2495], [2495, 2562], [2562, 2582], [2582, 2631], [2631, 2663]]
P38398	[[0, 17], [17, 48], [48, 98], [98, 176], [176, 233], [233, 249], [249, 292], [292, 365], [365, 386], [386, 405], [405, 495], [495, 529], [529, 603], [603, 650], [650, 671], [671, 717], [717, 752], [752, 792], [792, 839], [839, 858], [858, 918], [918, 944], [944, 999], [999, 1043], [1043, 1064], [1064, 1094], [1094, 1117], [1117, 1163], [1163, 1208], [1208, 1232], [1232, 1288], [1288, 1332], [1332, 1391], [1391, 1422], [1422, 1502], [1502, 1525], [1525, 1585], [1585, 1647], [1647, 1676], [1676, 1753], [1753, 1792], [1792, 1829], [1829, 1863]]
O94916	[[0, 42], [42, 98], [98, 135], [135, 195], [195, 215], [215, 240], [240, 264], [264, 336], [336, 358], [358, 381], [381, 414], [414, 431], [431, 478], [478, 544], [544, 615], [615, 657], [657, 703], [703, 736], [736, 754], [754, 795], [795, 846], [846, 888], [888, 915], [915, 961], [961, 998], [998, 1036], [1036, 1070], [1070, 1092], [1092, 1115], [1115, 1165], [1165, 1206], [1206, 1249], [1249, 1265], [1265, 1349], [1349, 1387], [1387, 1444], [1444, 1472], [1472, 1508], [1508, 1531]]
P11388	[[0, 29], [29, 79], [79, 139], [139, 174], [174, 213], [213, 234], [234, 287], [287, 326], [326, 358], [358, 383], [383, 433], [433, 454], [454, 494], [494, 531], [531, 553], [553, 582], [582, 609], [609, 628], [628, 666], [666, 692], [692, 721], [721, 769], [769, 805], [805, 835], [835, 866], [866, 899], [899, 936], [936, 988], [988, 1037], [1037, 1057], [1057, 1094], [1094, 1121], [1121, 1190], [1190, 1241], [1241, 1263], [1263, 1292], [1292, 1309], [1309, 1327], [1327, 1354], [1354, 1408], [1408, 1443], [1443, 1467], [1467, 1507], [1507, 1531]]
Q24167	[[0, 25], [25, 63], [63, 125], [125, 173], [173, 234], [234, 254], [254, 285], [285, 375], [375, 435], [435, 515], [515, 551], [551, 574], [574, 637], [637, 664], [664, 698], [698, 758], [758, 781], [781, 811], [811, 845], [845, 884], [884, 920], [920, 983], [983, 1019], [1019, 1038], [1038, 1110], [1110, 1144], [1144, 1162], [1162, 1208], [1208, 1232], [1232, 1251], [1251, 1284], [1284, 1355], [1355, 1402], [1402, 1421], [1421, 1460], [1460, 1507]]
O15360	[[0, 17], [17, 48], [48, 74], [74, 96], [96, 140], [140, 181], [181, 197], [197, 264], [264, 317], [317, 351], [351, 383], [383, 400], [400, 426], [426, 469], [469, 546], [546, 573], [573, 597], [597, 628], [628, 688], [688, 713], [713, 731], [731, 795], [795, 816], [816, 844], [844, 876], [876, 902], [902, 938], [938, 964], [964, 992], [992, 1013], [1013, 1044], [1044, 1071], [1071, 1128], [1128, 1181], [1181, 1225], [1225, 1255], [1255, 1342], [1342, 1370], [1370, 1391], [1391, 1455]]
O35973	[[0, 42], [42, 89], [89, 127], [127, 178], [178, 216], [216, 276], [276, 293], [293, 335], [335, 359], [359, 405], [405, 424], [424, 466], [466, 502], [502, 543], [543, 567], [567, 622], [622, 650], [650, 712], [712, 747], [747, 772], [772, 802], [802, 827], [827, 845], [845, 872], [872, 911], [911, 929], [929, 949], [949, 993], [993, 1013], [1013, 1052], [1052, 1078], [1078, 1117], [1117, 1149], [1149, 1232], [1232, 1250], [1250, 1291]]
O54943	[[0, 30], [30, 59], [59, 105], [105, 150], [150, 172], [172, 247], [247, 263], [263, 306], [306, 330], [330, 395], [395, 438], [438, 473], [473, 507], [507, 581], [581, 602], [602, 676], [676, 711], [711, 758], [758, 792], [792, 833], [833, 880], [880, 905], [905, 929], [929, 995], [995, 1040], [1040, 1125], [1125, 1175], [1175, 1257]]
P55265	[[0, 38], [38, 76], [76, 132], [132, 164], [164, 197], [197, 236], [236, 252], [252, 298], [298, 363], [363, 406], [406, 438], [438, 498], [498, 527], [527, 569], [569, 610], [610, 638], [638, 680], [680, 718], [718, 750], [750, 795], [795, 838], [838, 864], [864, 885], [885, 923], [923, 973], [973, 995], [995, 1029], [1029, 1051], [1051, 1083], [1083, 1125], [1125, 1169], [1169, 1226]]
Q8BMI0	[[0, 27], [27, 77], [77, 110], [110, 184], [184, 275], [275, 291], [291, 337], [337, 361], [361, 381], [381, 413], [413, 473], [473, 516], [516, 552], [552, 572], [572, 593], [593, 643], [643, 702], [702, 777], [777, 797], [797, 868], [868, 899], [899, 928], [928, 987], [987, 1012], [1012, 1040], [1040, 1074], [1074, 1124], [1124, 1194]]
Q95168	[[0, 16], [16, 40], [40, 66], [66, 99], [99, 168], [168, 199], [199, 236], [236, 288], [288, 368], [368, 399], [399, 493], [493, 573], [573, 590], [590, 621], [621, 653], [653, 712], [712, 731], [731, 755], [755, 805], [805, 832], [832, 870], [870, 923], [923, 968], [968, 1017], [1017, 1037], [1037, 1057], [1057, 1109], [1109, 1137], [1137, 1174]]
Q9Z207	[[0, 36], [36, 72], [72, 99], [99, 137], [137, 174], [174, 220], [220, 278], [278, 315], [315, 350], [350, 378], [378, 411], [411, 450], [450, 533], [533, 564], [564, 612], [612, 667], [667, 689], [689, 742], [742, 761], [761, 788], [788, 817], [817, 866], [866, 915], [915, 937], [937, 962], [962, 991], [991, 1060], [1060, 1171]]
O14746	[[0, 15], [15, 46], [46, 73], [73, 101], [101, 129], [129, 180], [180, 216], [216, 241], [241, 289], [289, 321], [321, 381], [381, 416], [416, 447], [447, 535], [535, 581], [581, 618], [618, 636], [636, 705], [705, 785], [785, 826], [826, 846], [846, 909], [909, 925], [925, 1015], [1015, 1048], [1048, 1066], [1066, 1132]]
Q9UQL6	[[0, 40], [40, 71], [71, 120], [120, 165], [165, 196], [196, 253], [253, 301], [301, 360], [360, 392], [392, 410], [410, 443], [443, 459], [459, 505], [505, 530], [530, 583], [583, 621], [621, 654], [654, 680], [680, 709], [709, 753], [753, 781], [781, 821], [821, 863], [863, 902], [902, 951], [951, 1024], [1024, 1064], [1064, 1097], [1097, 1122]]
P56524	[[0, 66], [66, 164], [164, 185], [185, 240], [240, 264], [264, 289], [289, 311], [311, 358], [358, 412], [412, 474], [474, 505], [505, 555], [555, 582], [582, 609], [609, 651], [651, 724], [724, 751], [751, 791], [791, 833], [833, 872], [872, 921], [921, 994], [994, 1033], [1033, 1084]]
Q05397	[[0, 32], [32, 57], [57, 78], [78, 119], [119, 181], [181, 238], [238, 266], [266, 282], [282, 304], [304, 351], [351, 392], [392, 414], [414, 471], [471, 508], [508, 583], [583, 619], [619, 642], [642, 680], [680, 765], [765, 807], [807, 835], [835, 883], [883, 916], [916, 968], [968, 1019], [1019, 1036], [1036, 1052]]
Q9UGR2	[[0, 34], [34, 81], [81, 129], [129, 173], [173, 232], [232, 257], [257, 291], [291, 350], [350, 428], [428, 497], [497, 538], [538, 560], [560, 630], [630, 684], [684, 705], [705, 745], [745, 773], [773, 825], [825, 844], [844, 886], [886, 936], [936, 974], [974, 993]]
Q9NRA8	[[0, 26], [26, 74], [74, 95], [95, 126], [126, 146], [146, 165], [165, 191], [191, 214], [214, 243], [243, 262], [262, 301], [301, 341], [341, 394], [394, 413], [413, 496], [496, 559], [559, 612], [612, 646], [646, 690], [690, 710], [710, 825], [825, 853], [853, 905], [905, 950], [950, 985]]
P24279	[[0, 39], [39, 92], [92, 134], [134, 152], [152, 175], [175, 210], [210, 247], [247, 273], [273, 300], [300, 329], [329, 358], [358, 402], [402, 458], [458, 493], [493, 518], [518, 549], [549, 571], [571, 597], [597, 620], [620, 649], [649, 698], [698, 739], [739, 807], [807, 849], [849, 900], [900, 971]]
O60716	[[0, 15], [15, 44], [44, 103], [103, 153], [153, 183], [183, 210], [210, 270], [270, 297], [297, 341], [341, 364], [364, 395], [395, 438], [438, 503], [503, 523], [523, 549], [549, 594], [594, 654], [654, 694], [694, 724], [724, 752], [752, 773], [773, 849], [849, 876], [876, 968]]
O15457	[[0, 54], [54, 78], [78, 111], [111, 155], [155, 211], [211, 271], [271, 308], [308, 338], [338, 359], [359, 417], [417, 486], [486, 541], [541, 612], [612, 649], [649, 673], [673, 723], [723, 757], [757, 774], [774, 829], [829, 861], [861, 920], [920, 936]]
O08560	[[0, 26], [26, 61], [61, 95], [95, 146], [146, 170], [170, 204], [204, 249], [249, 294], [294, 347], [347, 393], [393, 445], [445, 500], [500, 538], [538, 564], [564, 626], [626, 699], [699, 756], [756, 789], [789, 817], [817, 852], [852, 882], [882, 929]]
Q9HAP2	[[0, 39], [39, 72], [72, 121], [121, 151], [151, 173], [173, 206], [206, 234], [234, 270], [270, 336], [336, 391], [391, 421], [421, 467], [467, 513], [513, 529], [529, 565], [565, 590], [590, 638], [638, 719], [719, 767], [767, 791], [791, 826], [826, 845], [845, 919]]
O43707	[[0, 47], [47, 92], [92, 152], [152, 206], [206, 265], [265, 300], [300, 316], [316, 381], [381, 451], [451, 477], [477, 529], [529, 567], [567, 594], [594, 615], [615, 665], [665, 717], [717, 769], [769, 798], [798, 835], [835, 880], [880, 911]]
P46934	[[0, 18], [18, 44], [44, 106], [106, 152], [152, 192], [192, 223], [223, 250], [250, 276], [276, 309], [309, 349], [349, 379], [379, 420], [420, 453], [453, 472], [472, 505], [505, 544], [544, 576], [576, 601], [601, 633], [633, 665], [665, 692], [692, 714], [714, 788], [788, 834], [834, 900]]
Q00653	[[0, 37], [37, 77], [77, 98], [98, 145], [145, 183], [183, 229], [229, 260], [260, 279], [279, 350], [350, 374], [374, 407], [407, 437], [437, 483], [483, 519], [519, 569], [569, 593], [593, 623], [623, 658], [658, 676], [676, 700], [700, 727], [727, 750], [750, 769], [769, 800], [800, 848], [848, 878], [878, 900]]
Q96GX5	[[0, 29], [29, 66], [66, 87], [87, 132], [132, 179], [179, 263], [263, 298], [298, 364], [364, 395], [395, 439], [439, 466], [466, 497], [497, 515], [515, 536], [536, 572], [572, 611], [611, 635], [635, 656], [656, 694], [694, 737], [737, 780], [780, 879]]
Q8VIP2	[[0, 43], [43, 79], [79, 111], [111, 134], [134, 164], [164, 194], [194, 242], [242, 303], [303, 338], [338, 391], [391, 442], [442, 477], [477, 533], [533, 603], [603, 660], [660, 713], [713, 753], [753, 792], [792, 849], [849, 865]]
P33981	[[0, 50], [50, 106], [106, 153], [153, 187], [187, 237], [237, 277], [277, 340], [340, 366], [366, 427], [427, 452], [452, 517], [517, 555], [555, 573], [573, 611], [611, 668], [668, 710], [710, 792], [792, 836], [836, 857]]
Q96T21	[[0, 28], [28, 117], [117, 158], [158, 212], [212, 273], [273, 292], [292, 350], [350, 397], [397, 417], [417, 445], [445, 503], [503, 546], [546, 622], [622, 671], [671, 694], [694, 730], [730, 756], [756, 784], [784, 816], [816, 854]]
Q96RS0	[[0, 50], [50, 86], [86, 104], [104, 134], [134, 160], [160, 193], [193, 236], [236, 262], [262, 331], [331, 366], [366, 415], [415, 445], [445, 493], [493, 524], [524, 549], [549, 580], [580, 618], [618, 693], [693, 771], [771, 811], [811, 837], [837, 853]]
P35869	[[0, 32], [32, 83], [83, 114], [114, 177], [177, 214], [214, 261], [261, 286], [286, 348], [348, 391], [391, 430], [430, 448], [448, 480], [480, 532], [532, 573], [573, 595], [595, 617], [617, 637], [637, 696], [696, 734], [734, 755], [755, 806], [806, 848]]
Q9NYF0	[[0, 39], [39, 73], [73, 99], [99, 154], [154, 182], [182, 216], [216, 264], [264, 286], [286, 334], [334, 416], [416, 461], [461, 497], [497, 516], [516, 552], [552, 634], [634, 676], [676, 695], [695, 720], [720, 758], [758, 784], [784, 806], [806, 836]]
O43196	[[0, 49], [49, 76], [76, 114], [114, 191], [191, 249], [249, 278], [278, 297], [297, 347], [347, 383], [383, 402], [402, 449], [449, 540], [540, 586], [586, 615], [615, 635], [635, 666], [666, 685], [685, 713], [713, 746], [746, 781], [781, 834]]
P39940	[[0, 32], [32, 53], [53, 95], [95, 139], [139, 182], [182, 226], [226, 261], [261, 290], [290, 330], [330, 363], [363, 385], [385, 419], [419, 454], [454, 487], [487, 512], [512, 543], [543, 575], [575, 600], [600, 641], [641, 696], [696, 744], [744, 786], [786, 809]]
O70343	[[0, 58], [58, 78], [78, 135], [135, 152], [152, 218], [218, 253], [253, 301], [301, 332], [332, 379], [379, 404], [404, 505], [505, 534], [534, 564], [564, 597], [597, 635], [635, 671], [671, 731], [731, 760], [760, 779], [779, 797]]
Q14494	[[0, 78], [78, 107], [107, 167], [167, 185], [185, 250], [250, 268], [268, 307], [307, 327], [327, 362], [362, 399], [399, 437], [437, 494], [494, 516], [516, 542], [542, 581], [581, 610], [610, 654], [654, 676], [676, 720], [720, 756], [756, 772]]
Q86TB9	[[0, 28], [28, 59], [59, 82], [82, 108], [108, 156], [156, 176], [176, 230], [230, 257], [257, 321], [321, 398], [398, 441], [441, 501], [501, 583], [583, 636], [636, 675], [675, 698], [698, 770]]
P10688	[[0, 17], [17, 53], [53, 96], [96, 125], [125, 151], [151, 214], [214, 301], [301, 331], [331, 366], [366, 394], [394, 442], [442, 487], [487, 546], [546, 581], [581, 609], [609, 628], [628, 685], [685, 704], [704, 756]]
Q14872	[[0, 24], [24, 53], [53, 107], [107, 137], [137, 239], [239, 284], [284, 314], [314, 377], [377, 411], [411, 432], [432, 473], [473, 499], [499, 520], [520, 559], [559, 593], [593, 654], [654, 711], [711, 753]]
Q9R207	[[0, 17], [17, 48], [48, 94], [94, 120], [120, 147], [147, 173], [173, 217], [217, 251], [251, 274], [274, 324], [324, 359], [359, 378], [378, 451], [451, 490], [490, 550], [550, 572], [572, 596], [596, 647], [647, 711], [711, 751]]
P42224	[[0, 39], [39, 91], [91, 116], [116, 137], [137, 177], [177, 232], [232, 258], [258, 314], [314, 350], [350, 379], [379, 424], [424, 449], [449, 477], [477, 554], [554, 582], [582, 616], [616, 681], [681, 713], [713, 750]]
Q04377	[[0, 22], [22, 63], [63, 135], [135, 200], [200, 248], [248, 269], [269, 294], [294, 335], [335, 361], [361, 435], [435, 480], [480, 498], [498, 541], [541, 603], [603, 650], [650, 677], [677, 710], [710, 747]]
Q923E4	[[0, 25], [25, 51], [51, 131], [131, 169], [169, 247], [247, 267], [267, 328], [328, 366], [366, 397], [397, 426], [426, 486], [486, 542], [542, 559], [559, 609], [609, 648], [648, 674], [674, 697], [697, 737]]
Q9HCE7	[[0, 15], [15, 64], [64, 141], [141, 198], [198, 234], [234, 266], [266, 313], [313, 345], [345, 372], [372, 405], [405, 430], [430, 461], [461, 493], [493, 521], [521, 543], [543, 617], [617, 662], [662, 691], [691, 731]]
Q17RY0	[[0, 80], [80, 131], [131, 183], [183, 230], [230, 249], [249, 300], [300, 382], [382, 404], [404, 431], [431, 468], [468, 528], [528, 578], [578, 611], [611, 635], [635, 679], [679, 713], [713, 729]]
P42227	[[0, 39], [39, 90], [90, 116], [116, 138], [138, 179], [179, 242], [242, 262], [262, 290], [290, 317], [317, 366], [366, 383], [383, 430], [430, 455], [455, 479], [479, 558], [558, 589], [589, 623], [623, 655], [655, 687], [687, 722]]
Q9P286	[[0, 43], [43, 80], [80, 102], [102, 120], [120, 163], [163, 237], [237, 267], [267, 293], [293, 371], [371, 448], [448, 496], [496, 532], [532, 559], [559, 601], [601, 644], [644, 702], [702, 719]]
Q7TN99	[[0, 31], [31, 103], [103, 165], [165, 189], [189, 224], [224, 284], [284, 317], [317, 361], [361, 423], [423, 455], [455, 515], [515, 565], [565, 598], [598, 622], [622, 649], [649, 666], [666, 716]]
P24346	[[0, 47], [47, 78], [78, 118], [118, 143], [143, 178], [178, 240], [240, 280], [280, 307], [307, 357], [357, 401], [401, 458], [458, 483], [483, 510], [510, 533], [533, 584], [584, 620], [620, 666], [666, 697]]
Q9JJG9	[[0, 55], [55, 82], [82, 136], [136, 178], [178, 213], [213, 256], [256, 280], [280, 311], [311, 341], [341, 361], [361, 396], [396, 445], [445, 487], [487, 531], [531, 572], [572, 619], [619, 666], [666, 693]]
P10231	[[0, 60], [60, 99], [99, 146], [146, 215], [215, 280], [280, 305], [305, 327], [327, 382], [382, 400], [400, 440], [440, 495], [495, 514], [514, 536], [536, 561], [561, 611], [611, 651], [651, 693]]
O43524	[[0, 69], [69, 152], [152, 204], [204, 237], [237, 271], [271, 326], [326, 396], [396, 442], [442, 494], [494, 523], [523, 549], [549, 609], [609, 646], [646, 673]]
Q62985	[[0, 24], [24, 81], [81, 147], [147, 170], [170, 218], [218, 261], [261, 283], [283, 307], [307, 375], [375, 464], [464, 519], [519, 552], [552, 626], [626, 670]]
Q9BRK4	[[0, 36], [36, 53], [53, 83], [83, 154], [154, 185], [185, 215], [215, 232], [232, 267], [267, 325], [325, 360], [360, 386], [386, 435], [435, 459], [459, 483], [483, 538], [538, 570], [570, 605], [605, 643], [643, 669]]
Q9BY84	[[0, 26], [26, 51], [51, 137], [137, 157], [157, 193], [193, 241], [241, 295], [295, 369], [369, 394], [394, 444], [444, 464], [464, 498], [498, 556], [556, 596], [596, 665]]
P04014	[[0, 28], [28, 88], [88, 127], [127, 147], [147, 191], [191, 244], [244, 282], [282, 324], [324, 355], [355, 398], [398, 414], [414, 442], [442, 469], [469, 491], [491, 571], [571, 593], [593, 621], [621, 649]]
O15350	[[0, 49], [49, 76], [76, 114], [114, 146], [146, 172], [172, 197], [197, 251], [251, 306], [306, 350], [350, 382], [382, 433], [433, 488], [488, 551], [551, 598], [598, 636]]
Q06787	[[0, 64], [64, 113], [113, 156], [156, 195], [195, 220], [220, 287], [287, 320], [320, 396], [396, 424], [424, 445], [445, 488], [488, 527], [527, 549], [549, 572], [572, 632]]
Q14145	[[0, 51], [51, 94], [94, 168], [168, 205], [205, 281], [281, 326], [326, 379], [379, 405], [405, 441], [441, 460], [460, 488], [488, 507], [507, 536], [536, 584], [584, 608], [608, 624]]
Q9XF23	[[0, 15], [15, 37], [37, 53], [53, 81], [81, 116], [116, 134], [134, 152], [152, 195], [195, 263], [263, 297], [297, 324], [324, 359], [359, 398], [398, 439], [439, 478], [478, 504], [504, 544], [544, 623]]
P39723	[[0, 15], [15, 62], [62, 88], [88, 163], [163, 186], [186, 210], [210, 246], [246, 288], [288, 331], [331, 351], [351, 385], [385, 408], [408, 493], [493, 549], [549, 569], [569, 622]]
Q13490	[[0, 41], [41, 70], [70, 116], [116, 180], [180, 203], [203, 250], [250, 292], [292, 349], [349, 389], [389, 438], [438, 456], [456, 489], [489, 568], [568, 618]]
P11484	[[0, 23], [23, 80], [80, 115], [115, 144], [144, 198], [198, 240], [240, 283], [283, 299], [299, 335], [335, 380], [380, 477], [477, 501], [501, 541], [541, 558], [558, 613]]
Q93052	[[0, 39], [39, 113], [113, 134], [134, 182], [182, 232], [232, 308], [308, 345], [345, 388], [388, 412], [412, 485], [485, 505], [505, 572], [572, 596], [596, 612]]
O00255	[[0, 54], [54, 77], [77, 116], [116, 146], [146, 207], [207, 247], [247, 289], [289, 312], [312, 331], [331, 380], [380, 402], [402, 461], [461, 549], [549, 610]]
Q16236	[[0, 15], [15, 43], [43, 69], [69, 86], [86, 111], [111, 129], [129, 177], [177, 201], [201, 257], [257, 307], [307, 338], [338, 383], [383, 453], [453, 497], [497, 519], [519, 555], [555, 605]]
Q06219	[[0, 32], [32, 69], [69, 117], [117, 140], [140, 167], [167, 191], [191, 220], [220, 261], [261, 291], [291, 328], [328, 362], [362, 405], [405, 452], [452, 518], [518, 554], [554, 598]]
Q60795	[[0, 15], [15, 43], [43, 69], [69, 86], [86, 111], [111, 132], [132, 171], [171, 191], [191, 245], [245, 298], [298, 329], [329, 378], [378, 445], [445, 489], [489, 511], [511, 548], [548, 597]]
Q5TAQ9	[[0, 66], [66, 112], [112, 182], [182, 230], [230, 267], [267, 315], [315, 332], [332, 360], [360, 387], [387, 426], [426, 463], [463, 507], [507, 553], [553, 597]]
Q62074	[[0, 24], [24, 86], [86, 107], [107, 133], [133, 190], [190, 248], [248, 286], [286, 307], [307, 340], [340, 398], [398, 452], [452, 490], [490, 540], [540, 595]]
Q9UNH5	[[0, 15], [15, 36], [36, 64], [64, 82], [82, 107], [107, 179], [179, 272], [272, 328], [328, 369], [369, 394], [394, 428], [428, 487], [487, 548], [548, 594]]
O96013	[[0, 43], [43, 99], [99, 125], [125, 150], [150, 187], [187, 239], [239, 298], [298, 320], [320, 368], [368, 404], [404, 433], [433, 473], [473, 510], [510, 547], [547, 574], [574, 591]]
Q9HC62	[[0, 47], [47, 76], [76, 130], [130, 156], [156, 173], [173, 226], [226, 264], [264, 295], [295, 362], [362, 387], [387, 421], [421, 467], [467, 498], [498, 538], [538, 589]]
P16727	[[0, 44], [44, 65], [65, 106], [106, 136], [136, 176], [176, 242], [242, 275], [275, 297], [297, 339], [339, 389], [389, 421], [421, 503], [503, 538], [538, 586]]
O96018	[[0, 50], [50, 70], [70, 121], [121, 143], [143, 171], [171, 214], [214, 262], [262, 310], [310, 357], [357, 382], [382, 401], [401, 457], [457, 495], [495, 535], [535, 575]]
O00311	[[0, 60], [60, 137], [137, 153], [153, 172], [172, 203], [203, 264], [264, 302], [302, 370], [370, 408], [408, 433], [433, 469], [469, 537], [537, 574]]
Q9BZB8	[[0, 48], [48, 108], [108, 177], [177, 195], [195, 217], [217, 250], [250, 307], [307, 357], [357, 376], [376, 395], [395, 428], [428, 460], [460, 478], [478, 503], [503, 546], [546, 566]]
Q99741	[[0, 43], [43, 60], [60, 88], [88, 154], [154, 194], [194, 212], [212, 246], [246, 276], [276, 327], [327, 374], [374, 402], [402, 426], [426, 456], [456, 520], [520, 540], [540, 560]]
Q13485	[[0, 36], [36, 55], [55, 137], [137, 168], [168, 258], [258, 279], [279, 320], [320, 382], [382, 411], [411, 465], [465, 491], [491, 552]]
Q09137	[[0, 15], [15, 62], [62, 103], [103, 129], [129, 171], [171, 214], [214, 270], [270, 334], [334, 397], [397, 474], [474, 552]]
Q04206	[[0, 20], [20, 49], [49, 98], [98, 123], [123, 151], [151, 178], [178, 224], [224, 255], [255, 288], [288, 313], [313, 351], [351, 375], [375, 431], [431, 480], [480, 506], [506, 551]]
P30309	[[0, 36], [36, 79], [79, 101], [101, 159], [159, 188], [188, 221], [221, 249], [249, 278], [278, 337], [337, 371], [371, 406], [406, 453], [453, 500], [500, 528], [528, 550]]
P36616	[[0, 55], [55, 84], [84, 122], [122, 144], [144, 177], [177, 224], [224, 294], [294, 320], [320, 353], [353, 414], [414, 437], [437, 491], [491, 520], [520, 544]]
Q04584	[[0, 45], [45, 77], [77, 102], [102, 134], [134, 166], [166, 186], [186, 211], [211, 247], [247, 277], [277, 319], [319, 350], [350, 400], [400, 421], [421, 441], [441, 508], [508, 542]]
Q68SB1	[[0, 15], [15, 41], [41, 61], [61, 87], [87, 111], [111, 148], [148, 172], [172, 199], [199, 237], [237, 271], [271, 343], [343, 376], [376, 467], [467, 489], [489, 539]]
Q9H4D5	[[0, 60], [60, 108], [108, 144], [144, 188], [188, 294], [294, 340], [340, 378], [378, 415], [415, 469], [469, 498], [498, 531]]
Q9Y3I1	[[0, 46], [46, 79], [79, 123], [123, 213], [213, 263], [263, 300], [300, 329], [329, 376], [376, 406], [406, 440], [440, 522]]
P38861	[[0, 15], [15, 42], [42, 96], [96, 118], [118, 154], [154, 181], [181, 220], [220, 245], [245, 323], [323, 375], [375, 398], [398, 419], [419, 444], [444, 469], [469, 487], [487, 518]]
Q9Y572	[[0, 18], [18, 52], [52, 91], [91, 117], [117, 164], [164, 216], [216, 260], [260, 279], [279, 308], [308, 356], [356, 449], [449, 468], [468, 518]]
P14373	[[0, 36], [36, 94], [94, 132], [132, 177], [177, 207], [207, 234], [234, 256], [256, 314], [314, 353], [353, 389], [389, 435], [435, 454], [454, 494], [494, 513]]
Q9BYM8	[[0, 54], [54, 78], [78, 133], [133, 161], [161, 195], [195, 220], [220, 272], [272, 309], [309, 368], [368, 411], [411, 443], [443, 477], [477, 510]]
P15336	[[0, 18], [18, 55], [55, 93], [93, 124], [124, 158], [158, 214], [214, 233], [233, 286], [286, 340], [340, 377], [377, 425], [425, 467], [467, 505]]
Q96D46	[[0, 15], [15, 94], [94, 140], [140, 181], [181, 222], [222, 242], [242, 295], [295, 324], [324, 382], [382, 404], [404, 422], [422, 503]]
Q91YD9	[[0, 34], [34, 60], [60, 94], [94, 141], [141, 194], [194, 221], [221, 272], [272, 324], [324, 345], [345, 385], [385, 461], [461, 480], [480, 501]]
O00221	[[0, 66], [66, 87], [87, 150], [150, 168], [168, 205], [205, 251], [251, 286], [286, 362], [362, 393], [393, 412], [412, 445], [445, 479], [479, 500]]
P03243	[[0, 61], [61, 111], [111, 157], [157, 217], [217, 233], [233, 258], [258, 281], [281, 311], [311, 350], [350, 380], [380, 445], [445, 480], [480, 496]]
Q00987	[[0, 24], [24, 67], [67, 111], [111, 145], [145, 190], [190, 209], [209, 239], [239, 297], [297, 331], [331, 385], [385, 434], [434, 491]]
Q8N720	[[0, 50], [50, 94], [94, 124], [124, 164], [164, 180], [180, 208], [208, 264], [264, 353], [353, 378], [378, 402], [402, 431], [431, 458], [458, 491]]
P04807	[[0, 81], [81, 97], [97, 151], [151, 204], [204, 242], [242, 262], [262, 318], [318, 383], [383, 431], [431, 470], [470, 486]]
Q13547	[[0, 15], [15, 77], [77, 95], [95, 132], [132, 171], [171, 206], [206, 253], [253, 322], [322, 383], [383, 445], [445, 482]]
P54824	[[0, 35], [35, 65], [65, 95], [95, 149], [149, 179], [179, 214], [214, 255], [255, 315], [315, 332], [332, 384], [384, 436], [436, 465], [465, 481]]
P31749	[[0, 39], [39, 110], [110, 144], [144, 183], [183, 204], [204, 237], [237, 269], [269, 307], [307, 344], [344, 366], [366, 445], [445, 480]]
Q9Z1Y4	[[0, 39], [39, 58], [58, 90], [90, 108], [108, 185], [185, 222], [222, 255], [255, 279], [279, 331], [331, 348], [348, 372], [372, 403], [403, 439], [439, 464], [464, 480]]
Q9URY2	[[0, 20], [20, 74], [74, 93], [93, 135], [135, 171], [171, 224], [224, 272], [272, 302], [302, 359], [359, 432], [432, 474]]
O54992	[[0, 19], [19, 97], [97, 141], [141, 198], [198, 217], [217, 241], [241, 305], [305, 368], [368, 473]]
Q15797	[[0, 18], [18, 53], [53, 79], [79, 96], [96, 129], [129, 186], [186, 214], [214, 267], [267, 329], [329, 355], [355, 383], [383, 418], [418, 465]]
P32888	[[0, 29], [29, 57], [57, 91], [91, 143], [143, 183], [183, 232], [232, 282], [282, 307], [307, 332], [332, 350], [350, 412], [412, 440], [440, 465]]
P34078	[[0, 40], [40, 65], [65, 101], [101, 185], [185, 223], [223, 286], [286, 332], [332, 368], [368, 408], [408, 446], [446, 463]]
Q14457	[[0, 15], [15, 49], [49, 87], [87, 115], [115, 145], [145, 166], [166, 267], [267, 318], [318, 380], [380, 412], [412, 450]]
P14635	[[0, 37], [37, 53], [53, 89], [89, 109], [109, 138], [138, 162], [162, 200], [200, 245], [245, 294], [294, 353], [353, 383], [383, 417], [417, 433]]
Q7RTN6	[[0, 32], [32, 65], [65, 102], [102, 124], [124, 171], [171, 217], [217, 236], [236, 275], [275, 300], [300, 346], [346, 380], [380, 431]]
Q14653	[[0, 32], [32, 49], [49, 72], [72, 111], [111, 199], [199, 253], [253, 270], [270, 295], [295, 318], [318, 375], [375, 427]]
Q13148	[[0, 23], [23, 56], [56, 78], [78, 100], [100, 132], [132, 152], [152, 178], [178, 216], [216, 234], [234, 263], [263, 314], [314, 343], [343, 414]]
Q16254	[[0, 16], [16, 53], [53, 84], [84, 153], [153, 197], [197, 250], [250, 270], [270, 306], [306, 326], [326, 379], [379, 413]]
P29067	[[0, 18], [18, 83], [83, 152], [152, 175], [175, 198], [198, 253], [253, 279], [279, 317], [317, 349], [349, 410]]
P13350	[[0, 46], [46, 104], [104, 130], [130, 166], [166, 212], [212, 260], [260, 319], [319, 356], [356, 381], [381, 397]]
Q05116	[[0, 67], [67, 116], [116, 153], [153, 185], [185, 210], [210, 259], [259, 309], [309, 338], [338, 365], [365, 395]]
P04637	[[0, 69], [69, 89], [89, 128], [128, 154], [154, 179], [179, 233], [233, 286], [286, 323], [323, 354], [354, 393]]
P49138	[[0, 44], [44, 133], [133, 165], [165, 207], [207, 249], [249, 277], [277, 312], [312, 386]]
Q16828	[[0, 15], [15, 35], [35, 59], [59, 148], [148, 172], [172, 204], [204, 289], [289, 344], [344, 381]]
P30740	[[0, 27], [27, 50], [50, 85], [85, 171], [171, 215], [215, 233], [233, 270], [270, 338], [338, 379]]
P40427	[[0, 38], [38, 91], [91, 120], [120, 139], [139, 187], [187, 208], [208, 238], [238, 299], [299, 376]]
Q63450	[[0, 17], [17, 68], [68, 146], [146, 176], [176, 219], [219, 277], [277, 320], [320, 374]]
Q9HCN4	[[0, 19], [19, 119], [119, 163], [163, 194], [194, 236], [236, 254], [254, 298], [298, 328], [328, 374]]
P78545	[[0, 61], [61, 95], [95, 129], [129, 179], [179, 215], [215, 240], [240, 271], [271, 323], [323, 355], [355, 371]]
Q9NQS1	[[0, 37], [37, 90], [90, 177], [177, 212], [212, 277], [277, 296], [296, 346], [346, 362]]
O95149	[[0, 69], [69, 93], [93, 169], [169, 212], [212, 251], [251, 288], [288, 313], [313, 360]]
P28289	[[0, 44], [44, 64], [64, 112], [112, 141], [141, 178], [178, 285], [285, 343], [343, 359]]
P53686	[[0, 28], [28, 106], [106, 147], [147, 169], [169, 189], [189, 217], [217, 263], [263, 291], [291, 357]]
P03409	[[0, 16], [16, 91], [91, 142], [142, 169], [169, 212], [212, 267], [267, 321], [321, 353]]
Q96EV8	[[0, 23], [23, 44], [44, 90], [90, 146], [146, 216], [216, 261], [261, 311], [311, 351]]
P47973	[[0, 61], [61, 95], [95, 122], [122, 163], [163, 196], [196, 266], [266, 294], [294, 320]]
P25963	[[0, 24], [24, 69], [69, 103], [103, 155], [155, 176], [176, 206], [206, 224], [224, 257], [257, 278], [278, 317]]
Q14140	[[0, 32], [32, 79], [79, 145], [145, 181], [181, 225], [225, 259], [259, 298], [298, 314]]
Q9H9S0	[[0, 95], [95, 152], [152, 188], [188, 237], [237, 274], [274, 305]]
P46108	[[0, 65], [65, 84], [84, 135], [135, 191], [191, 237], [237, 288], [288, 304]]
ABC40399.1	[[0, 16], [16, 39], [39, 74], [74, 117], [117, 161], [161, 185], [185, 240], [240, 298]]
P22363	[[0, 16], [16, 41], [41, 60], [60, 88], [88, 133], [133, 207], [207, 229], [229, 297]]
P24385	[[0, 55], [55, 76], [76, 113], [113, 165], [165, 215], [215, 265], [265, 295]]
P06748	[[0, 16], [16, 39], [39, 74], [74, 117], [117, 161], [161, 185], [185, 240], [240, 294]]
Q99612	[[0, 44], [44, 80], [80, 102], [102, 120], [120, 155], [155, 197], [197, 240], [240, 283]]
Q96K30	[[0, 18], [18, 41], [41, 78], [78, 117], [117, 142], [142, 191], [191, 208], [208, 228], [228, 269]]
P08353	[[0, 17], [17, 57], [57, 86], [86, 123], [123, 160], [160, 190], [190, 263]]
P12004	[[0, 26], [26, 50], [50, 82], [82, 115], [115, 134], [134, 157], [157, 202], [202, 261]]
Q0PLR1	[[0, 15], [15, 67], [67, 99], [99, 120], [120, 154], [154, 193], [193, 248]]
P38483	[[0, 15], [15, 59], [59, 83], [83, 122], [122, 174], [174, 229]]
P70661	[[0, 20], [20, 83], [83, 140], [140, 214]]
Q9UMX3	[[0, 65], [65, 117], [117, 134], [134, 172], [172, 212]]
P43487	[[0, 40], [40, 102], [102, 162], [162, 201]]
P10188	[[0, 29], [29, 55], [55, 119], [119, 139], [139, 167], [167, 199]]
Q99653	[[0, 67], [67, 108], [108, 135], [135, 176], [176, 195]]
Q83414	[[0, 36], [36, 64], [64, 94], [94, 136], [136, 165], [165, 188]]
P24097	[[0, 24], [24, 53], [53, 82], [82, 120], [120, 150], [150, 186]]
Q01658	[[0, 37], [37, 93], [93, 112], [112, 152], [152, 176]]
P20067	[[0, 18], [18, 60], [60, 102], [102, 134], [134, 168]]
P38936	[[0, 46], [46, 81], [81, 139], [139, 164]]
O15392	[[0, 16], [16, 50], [50, 89], [89, 142]]
P41136	[[0, 37], [37, 79], [79, 134]]
C3W5S6	[[0, 69], [69, 121]]
P69718	[[0, 32], [32, 83], [83, 116]]
P03129	[[0, 50], [50, 98]]
P59636	[[0, 22], [22, 42], [42, 98]]
P61925	[[0, 26], [26, 49], [49, 76]]
