P51587	[[0, 41], [41, 127], [127, 207], [207, 289], [289, 312], [312, 351], [351, 386], [386, 453], [453, 480], [480, 514], [514, 574], [574, 594], [594, 612], [612, 635], [635, 667], [667, 712], [712, 785], [785, 830], [830, 849], [849, 874], [874, 930], [930, 952], [952, 1004], [1004, 1037], [1037, 1108], [1108, 1215], [1215, 1241], [1241, 1273], [1273, 1291], [1291, 1344], [1344, 1366], [1366, 1419], [1419, 1450], [1450, 1519], [1519, 1547], [1547, 1589], [1589, 1667], [1667, 1693], [1693, 1738], [1738, 1762], [1762, 1839], [1839, 1868], [1868, 1889], [1889, 1975], [1975, 2000], [2000, 2053], [2053, 2086], [2086, 2148], [2148, 2221], [2221, 2240], [2240, 2267], [2267, 2312], [2312, 2335], [2335, 2355], [2355, 2414], [2414, 2464], [2464, 2493], [2493, 2572], [2572, 2631], [2631, 2696], [2696, 2715], [2715, 2758], [2758, 2804], [2804, 2825], [2825, 2882], [2882, 2925], [2925, 2961], [2961, 3011], [3011, 3038], [3038, 3071], [3071, 3103], [3103, 3150], [3150, 3185], [3185, 3213], [3213, 3267], [3267, 3327], [3327, 3353], [3353, 3391], [3391, 3418]]
O95613	[[0, 23], [23, 108], [108, 166], [166, 212], [212, 240], [240, 286], [286, 323], [323, 345], [345, 383], [383, 407], [407, 433], [433, 466], [466, 511], [511, 546], [546, 591], [591, 610], [610, 662], [662, 750], [750, 791], [791, 829], [829, 853], [853, 890], [890, 913], [913, 979], [979, 999], [999, 1041], [1041, 1084], [1084, 1108], [1108, 1155], [1155, 1183], [1183, 1255], [1255, 1277], [1277, 1359], [1359, 1385], [1385, 1406], [1406, 1474], [1474, 1503], [1503, 1524], [1524, 1563], [1563, 1620], [1620, 1637], [1637, 1676], [1676, 1714], [1714, 1753], [1753, 1786], [1786, 1825], [1825, 1860], [1860, 1905], [1905, 1921], [1921, 1951], [1951, 1989], [1989, 2020], [2020, 2065], [2065, 2124], [2124, 2166], [2166, 2215], [2215, 2247], [2247, 2272], [2272, 2306], [2306, 2327], [2327, 2352], [2352, 2391], [2391, 2409], [2409, 2451], [2451, 2473], [2473, 2513], [2513, 2563], [2563, 2613], [2613, 2648], [2648, 2686], [2686, 2707], [2707, 2768], [2768, 2789], [2789, 2904], [2904, 2946], [2946, 2967], [2967, 3026], [3026, 3086], [3086, 3130], [3130, 3155], [3155, 3192], [3192, 3296], [3296, 3336]]
P42858	[[0, 17], [17, 39], [39, 78], [78, 125], [125, 153], [153, 183], [183, 219], [219, 240], [240, 280], [280, 327], [327, 349], [349, 388], [388, 456], [456, 491], [491, 508], [508, 532], [532, 553], [553, 581], [581, 617], [617, 645], [645, 681], [681, 709], [709, 729], [729, 757], [757, 775], [775, 803], [803, 835], [835, 857], [857, 877], [877, 908], [908, 1016], [1016, 1063], [1063, 1101], [1101, 1126], [1126, 1154], [1154, 1180], [1180, 1228], [1228, 1264], [1264, 1327], [1327, 1351], [1351, 1419], [1419, 1493], [1493, 1554], [1554, 1571], [1571, 1594], [1594, 1670], [1670, 1716], [1716, 1740], [1740, 1773], [1773, 1847], [1847, 1876], [1876, 1932], [1932, 1959], [1959, 1994], [1994, 2022], [2022, 2066], [2066, 2091], [2091, 2116], [2116, 2141], [2141, 2182], [2182, 2234], [2234, 2250], [2250, 2320], [2320, 2356], [2356, 2388], [2388, 2440], [2440, 2499], [2499, 2568], [2568, 2633], [2633, 2697], [2697, 2738], [2738, 2792], [2792, 2830], [2830, 2874], [2874, 2930], [2930, 2952], [2952, 3022], [3022, 3065], [3065, 3112], [3112, 3144]]
P25054	[[0, 52], [52, 78], [78, 133], [133, 163], [163, 185], [185, 211], [211, 235], [235, 307], [307, 375], [375, 442], [442, 495], [495, 553], [553, 584], [584, 628], [628, 671], [671, 730], [730, 779], [779, 832], [832, 876], [876, 894], [894, 958], [958, 1014], [1014, 1061], [1061, 1103], [1103, 1131], [1131, 1157], [1157, 1187], [1187, 1224], [1224, 1261], [1261, 1282], [1282, 1330], [1330, 1373], [1373, 1444], [1444, 1490], [1490, 1510], [1510, 1579], [1579, 1641], [1641, 1664], [1664, 1718], [1718, 1746], [1746, 1791], [1791, 1846], [1846, 1865], [1865, 1912], [1912, 1953], [1953, 1973], [1973, 2011], [2011, 2039], [2039, 2128], [2128, 2186], [2186, 2237], [2237, 2307], [2307, 2347], [2347, 2414], [2414, 2433], [2433, 2458], [2458, 2483], [2483, 2529], [2529, 2581], [2581, 2620], [2620, 2666], [2666, 2710], [2710, 2728], [2728, 2753], [2753, 2813], [2813, 2843]]
Q6UB99	[[0, 23], [23, 93], [93, 127], [127, 157], [157, 246], [246, 289], [289, 342], [342, 363], [363, 403], [403, 445], [445, 477], [477, 529], [529, 553], [553, 588], [588, 626], [626, 643], [643, 682], [682, 716], [716, 732], [732, 779], [779, 806], [806, 831], [831, 860], [860, 884], [884, 914], [914, 1007], [1007, 1031], [1031, 1111], [1111, 1160], [1160, 1196], [1196, 1273], [1273, 1342], [1342, 1425], [1425, 1456], [1456, 1497], [1497, 1543], [1543, 1571], [1571, 1589], [1589, 1614], [1614, 1633], [1633, 1660], [1660, 1700], [1700, 1744], [1744, 1782], [1782, 1813], [1813, 1840], [1840, 1860], [1860, 1897], [1897, 1924], [1924, 1949], [1949, 1978], [1978, 1995], [1995, 2028], [2028, 2072], [2072, 2094], [2094, 2115], [2115, 2143], [2143, 2168], [2168, 2186], [2186, 2226], [2226, 2261], [2261, 2280], [2280, 2328], [2328, 2389], [2389, 2438], [2438, 2501], [2501, 2543], [2543, 2578], [2578, 2631], [2631, 2663]]
P38398	[[0, 17], [17, 44], [44, 72], [72, 90], [90, 138], [138, 158], [158, 175], [175, 262], [262, 289], [289, 309], [309, 386], [386, 454], [454, 495], [495, 603], [603, 650], [650, 727], [727, 743], [743, 791], [791, 854], [854, 918], [918, 990], [990, 1042], [1042, 1063], [1063, 1094], [1094, 1115], [1115, 1147], [1147, 1206], [1206, 1331], [1331, 1386], [1386, 1422], [1422, 1500], [1500, 1525], [1525, 1582], [1582, 1649], [1649, 1758], [1758, 1789], [1789, 1827], [1827, 1863]]
O94916	[[0, 39], [39, 68], [68, 134], [134, 195], [195, 281], [281, 312], [312, 331], [331, 358], [358, 408], [408, 447], [447, 478], [478, 497], [497, 536], [536, 601], [601, 653], [653, 735], [735, 756], [756, 794], [794, 829], [829, 846], [846, 877], [877, 961], [961, 998], [998, 1020], [1020, 1068], [1068, 1113], [1113, 1170], [1170, 1206], [1206, 1249], [1249, 1265], [1265, 1347], [1347, 1387], [1387, 1444], [1444, 1472], [1472, 1508], [1508, 1531]]
P11388	[[0, 26], [26, 74], [74, 149], [149, 213], [213, 234], [234, 250], [250, 287], [287, 325], [325, 355], [355, 434], [434, 494], [494, 530], [530, 605], [605, 692], [692, 743], [743, 835], [835, 862], [862, 923], [923, 970], [970, 988], [988, 1034], [1034, 1098], [1098, 1121], [1121, 1190], [1190, 1240], [1240, 1263], [1263, 1292], [1292, 1309], [1309, 1327], [1327, 1352], [1352, 1373], [1373, 1407], [1407, 1467], [1467, 1507], [1507, 1531]]
Q24167	[[0, 24], [24, 44], [44, 61], [61, 135], [135, 173], [173, 255], [255, 279], [279, 319], [319, 378], [378, 432], [432, 515], [515, 546], [546, 618], [618, 637], [637, 699], [699, 758], [758, 781], [781, 833], [833, 884], [884, 920], [920, 939], [939, 983], [983, 1038], [1038, 1109], [1109, 1126], [1126, 1144], [1144, 1162], [1162, 1208], [1208, 1233], [1233, 1249], [1249, 1284], [1284, 1312], [1312, 1356], [1356, 1421], [1421, 1459], [1459, 1507]]
O15360	[[0, 15], [15, 74], [74, 140], [140, 247], [247, 264], [264, 330], [330, 351], [351, 383], [383, 440], [440, 468], [468, 549], [549, 573], [573, 626], [626, 646], [646, 689], [689, 731], [731, 792], [792, 816], [816, 844], [844, 876], [876, 912], [912, 939], [939, 991], [991, 1016], [1016, 1085], [1085, 1128], [1128, 1182], [1182, 1255], [1255, 1342], [1342, 1368], [1368, 1392], [1392, 1455]]
O35973	[[0, 42], [42, 88], [88, 126], [126, 172], [172, 219], [219, 267], [267, 287], [287, 359], [359, 418], [418, 462], [462, 484], [484, 543], [543, 566], [566, 588], [588, 622], [622, 666], [666, 712], [712, 747], [747, 770], [770, 827], [827, 844], [844, 888], [888, 912], [912, 946], [946, 992], [992, 1013], [1013, 1049], [1049, 1078], [1078, 1103], [1103, 1154], [1154, 1179], [1179, 1232], [1232, 1250], [1250, 1291]]
O54943	[[0, 30], [30, 105], [105, 143], [143, 190], [190, 260], [260, 329], [329, 389], [389, 433], [433, 473], [473, 507], [507, 579], [579, 674], [674, 706], [706, 792], [792, 832], [832, 902], [902, 929], [929, 995], [995, 1040], [1040, 1060], [1060, 1111], [1111, 1127], [1127, 1157], [1157, 1197], [1197, 1213], [1213, 1257]]
P55265	[[0, 32], [32, 51], [51, 121], [121, 142], [142, 196], [196, 245], [245, 293], [293, 356], [356, 407], [407, 428], [428, 493], [493, 562], [562, 611], [611, 678], [678, 720], [720, 786], [786, 839], [839, 867], [867, 917], [917, 956], [956, 972], [972, 989], [989, 1042], [1042, 1086], [1086, 1109], [1109, 1125], [1125, 1154], [1154, 1226]]
Q8BMI0	[[0, 27], [27, 72], [72, 107], [107, 125], [125, 165], [165, 184], [184, 272], [272, 290], [290, 357], [357, 384], [384, 425], [425, 489], [489, 526], [526, 595], [595, 642], [642, 702], [702, 777], [777, 828], [828, 868], [868, 912], [912, 986], [986, 1039], [1039, 1089], [1089, 1120], [1120, 1194]]
Q95168	[[0, 15], [15, 125], [125, 173], [173, 198], [198, 236], [236, 288], [288, 316], [316, 376], [376, 458], [458, 492], [492, 522], [522, 547], [547, 590], [590, 659], [659, 699], [699, 715], [715, 756], [756, 799], [799, 832], [832, 869], [869, 922], [922, 984], [984, 1016], [1016, 1058], [1058, 1093], [1093, 1135], [1135, 1174]]
Q9Z207	[[0, 37], [37, 93], [93, 138], [138, 193], [193, 220], [220, 275], [275, 328], [328, 372], [372, 388], [388, 410], [410, 448], [448, 479], [479, 565], [565, 605], [605, 690], [690, 758], [758, 786], [786, 817], [817, 860], [860, 887], [887, 911], [911, 962], [962, 991], [991, 1027], [1027, 1171]]
O14746	[[0, 16], [16, 73], [73, 114], [114, 147], [147, 193], [193, 216], [216, 240], [240, 323], [323, 368], [368, 384], [384, 415], [415, 443], [443, 479], [479, 539], [539, 618], [618, 637], [637, 705], [705, 803], [803, 829], [829, 845], [845, 905], [905, 924], [924, 943], [943, 1047], [1047, 1069], [1069, 1132]]
Q9UQL6	[[0, 39], [39, 73], [73, 121], [121, 137], [137, 163], [163, 196], [196, 245], [245, 301], [301, 409], [409, 443], [443, 505], [505, 528], [528, 583], [583, 628], [628, 654], [654, 682], [682, 753], [753, 778], [778, 821], [821, 863], [863, 901], [901, 953], [953, 993], [993, 1023], [1023, 1072], [1072, 1095], [1095, 1122]]
P56524	[[0, 68], [68, 107], [107, 125], [125, 154], [154, 184], [184, 233], [233, 289], [289, 311], [311, 358], [358, 412], [412, 474], [474, 508], [508, 560], [560, 585], [585, 609], [609, 652], [652, 724], [724, 748], [748, 791], [791, 833], [833, 871], [871, 894], [894, 923], [923, 963], [963, 994], [994, 1031], [1031, 1066], [1066, 1084]]
Q05397	[[0, 33], [33, 119], [119, 181], [181, 230], [230, 269], [269, 304], [304, 392], [392, 412], [412, 482], [482, 507], [507, 539], [539, 568], [568, 617], [617, 640], [640, 680], [680, 698], [698, 728], [728, 765], [765, 808], [808, 830], [830, 880], [880, 920], [920, 1019], [1019, 1052]]
Q9UGR2	[[0, 30], [30, 79], [79, 129], [129, 163], [163, 183], [183, 232], [232, 257], [257, 291], [291, 351], [351, 395], [395, 418], [418, 497], [497, 521], [521, 563], [563, 626], [626, 652], [652, 704], [704, 772], [772, 799], [799, 856], [856, 885], [885, 903], [903, 928], [928, 975], [975, 993]]
Q9NRA8	[[0, 25], [25, 67], [67, 119], [119, 146], [146, 165], [165, 221], [221, 261], [261, 300], [300, 334], [334, 357], [357, 397], [397, 413], [413, 491], [491, 518], [518, 559], [559, 581], [581, 612], [612, 648], [648, 669], [669, 706], [706, 739], [739, 802], [802, 822], [822, 907], [907, 948], [948, 985]]
P24279	[[0, 17], [17, 57], [57, 78], [78, 151], [151, 174], [174, 229], [229, 272], [272, 299], [299, 358], [358, 402], [402, 517], [517, 534], [534, 571], [571, 620], [620, 648], [648, 695], [695, 758], [758, 807], [807, 849], [849, 894], [894, 971]]
O60716	[[0, 15], [15, 45], [45, 103], [103, 153], [153, 202], [202, 230], [230, 302], [302, 320], [320, 362], [362, 435], [435, 522], [522, 588], [588, 614], [614, 653], [653, 692], [692, 771], [771, 849], [849, 873], [873, 889], [889, 968]]
O15457	[[0, 21], [21, 77], [77, 111], [111, 155], [155, 185], [185, 211], [211, 271], [271, 308], [308, 417], [417, 487], [487, 512], [512, 556], [556, 575], [575, 627], [627, 674], [674, 717], [717, 758], [758, 828], [828, 886], [886, 936]]
O08560	[[0, 26], [26, 77], [77, 126], [126, 143], [143, 169], [169, 249], [249, 274], [274, 295], [295, 346], [346, 442], [442, 498], [498, 539], [539, 557], [557, 579], [579, 605], [605, 626], [626, 669], [669, 710], [710, 757], [757, 791], [791, 851], [851, 886], [886, 929]]
Q9HAP2	[[0, 37], [37, 71], [71, 119], [119, 138], [138, 161], [161, 179], [179, 202], [202, 233], [233, 266], [266, 286], [286, 347], [347, 392], [392, 419], [419, 467], [467, 513], [513, 565], [565, 608], [608, 653], [653, 717], [717, 736], [736, 767], [767, 790], [790, 845], [845, 919]]
O43707	[[0, 29], [29, 91], [91, 153], [153, 172], [172, 202], [202, 265], [265, 288], [288, 335], [335, 377], [377, 396], [396, 414], [414, 484], [484, 528], [528, 547], [547, 567], [567, 606], [606, 632], [632, 653], [653, 717], [717, 769], [769, 813], [813, 832], [832, 911]]
P46934	[[0, 18], [18, 45], [45, 108], [108, 152], [152, 191], [191, 222], [222, 250], [250, 273], [273, 309], [309, 348], [348, 379], [379, 419], [419, 452], [452, 472], [472, 519], [519, 572], [572, 633], [633, 661], [661, 731], [731, 785], [785, 834], [834, 900]]
Q00653	[[0, 39], [39, 145], [145, 183], [183, 214], [214, 245], [245, 276], [276, 350], [350, 374], [374, 407], [407, 437], [437, 480], [480, 499], [499, 519], [519, 569], [569, 591], [591, 622], [622, 656], [656, 700], [700, 721], [721, 754], [754, 849], [849, 874], [874, 900]]
Q96GX5	[[0, 26], [26, 88], [88, 119], [119, 139], [139, 178], [178, 233], [233, 251], [251, 297], [297, 332], [332, 364], [364, 404], [404, 436], [436, 466], [466, 519], [519, 572], [572, 611], [611, 634], [634, 656], [656, 695], [695, 737], [737, 773], [773, 806], [806, 848], [848, 879]]
Q8VIP2	[[0, 18], [18, 78], [78, 121], [121, 139], [139, 162], [162, 194], [194, 241], [241, 257], [257, 306], [306, 340], [340, 391], [391, 442], [442, 476], [476, 533], [533, 582], [582, 604], [604, 659], [659, 679], [679, 713], [713, 737], [737, 792], [792, 865]]
P33981	[[0, 15], [15, 58], [58, 108], [108, 138], [138, 203], [203, 237], [237, 255], [255, 294], [294, 336], [336, 368], [368, 427], [427, 516], [516, 555], [555, 626], [626, 667], [667, 710], [710, 791], [791, 857]]
Q96T21	[[0, 15], [15, 117], [117, 158], [158, 213], [213, 290], [290, 378], [378, 415], [415, 444], [444, 546], [546, 622], [622, 669], [669, 695], [695, 749], [749, 787], [787, 811], [811, 854]]
Q96RS0	[[0, 28], [28, 49], [49, 89], [89, 117], [117, 160], [160, 190], [190, 236], [236, 255], [255, 286], [286, 331], [331, 366], [366, 403], [403, 443], [443, 465], [465, 524], [524, 549], [549, 579], [579, 619], [619, 690], [690, 769], [769, 824], [824, 853]]
P35869	[[0, 31], [31, 78], [78, 114], [114, 178], [178, 214], [214, 261], [261, 285], [285, 348], [348, 386], [386, 429], [429, 448], [448, 480], [480, 529], [529, 589], [589, 619], [619, 637], [637, 715], [715, 742], [742, 772], [772, 848]]
Q9NYF0	[[0, 46], [46, 69], [69, 154], [154, 195], [195, 232], [232, 287], [287, 335], [335, 416], [416, 472], [472, 497], [497, 551], [551, 587], [587, 634], [634, 662], [662, 718], [718, 781], [781, 806], [806, 836]]
O43196	[[0, 49], [49, 104], [104, 129], [129, 190], [190, 233], [233, 250], [250, 309], [309, 347], [347, 392], [392, 449], [449, 539], [539, 586], [586, 603], [603, 632], [632, 679], [679, 725], [725, 746], [746, 781], [781, 801], [801, 834]]
P39940	[[0, 15], [15, 88], [88, 148], [148, 183], [183, 223], [223, 260], [260, 290], [290, 328], [328, 362], [362, 385], [385, 418], [418, 454], [454, 483], [483, 544], [544, 571], [571, 626], [626, 642], [642, 696], [696, 729], [729, 809]]
O70343	[[0, 53], [53, 73], [73, 135], [135, 218], [218, 240], [240, 288], [288, 335], [335, 374], [374, 463], [463, 510], [510, 534], [534, 564], [564, 597], [597, 633], [633, 670], [670, 730], [730, 757], [757, 797]]
Q14494	[[0, 46], [46, 79], [79, 106], [106, 169], [169, 249], [249, 295], [295, 327], [327, 367], [367, 388], [388, 437], [437, 495], [495, 513], [513, 541], [541, 610], [610, 654], [654, 675], [675, 721], [721, 756], [756, 772]]
Q86TB9	[[0, 38], [38, 105], [105, 154], [154, 177], [177, 210], [210, 231], [231, 261], [261, 319], [319, 338], [338, 371], [371, 395], [395, 437], [437, 521], [521, 586], [586, 631], [631, 693], [693, 770]]
P10688	[[0, 17], [17, 77], [77, 95], [95, 125], [125, 147], [147, 202], [202, 304], [304, 345], [345, 394], [394, 442], [442, 472], [472, 546], [546, 580], [580, 627], [627, 676], [676, 756]]
Q14872	[[0, 24], [24, 51], [51, 107], [107, 138], [138, 164], [164, 195], [195, 239], [239, 284], [284, 313], [313, 375], [375, 435], [435, 451], [451, 500], [500, 559], [559, 591], [591, 628], [628, 654], [654, 711], [711, 753]]
Q9R207	[[0, 20], [20, 65], [65, 120], [120, 153], [153, 172], [172, 215], [215, 247], [247, 267], [267, 323], [323, 360], [360, 379], [379, 419], [419, 447], [447, 501], [501, 550], [550, 599], [599, 677], [677, 711], [711, 751]]
P42224	[[0, 40], [40, 117], [117, 136], [136, 191], [191, 237], [237, 255], [255, 280], [280, 314], [314, 422], [422, 458], [458, 510], [510, 582], [582, 602], [602, 682], [682, 722], [722, 750]]
Q04377	[[0, 22], [22, 63], [63, 141], [141, 169], [169, 189], [189, 261], [261, 293], [293, 337], [337, 356], [356, 433], [433, 462], [462, 509], [509, 543], [543, 602], [602, 619], [619, 647], [647, 697], [697, 747]]
Q923E4	[[0, 28], [28, 49], [49, 130], [130, 167], [167, 221], [221, 247], [247, 307], [307, 328], [328, 396], [396, 424], [424, 480], [480, 542], [542, 645], [645, 672], [672, 694], [694, 737]]
Q9HCE7	[[0, 16], [16, 39], [39, 80], [80, 139], [139, 198], [198, 233], [233, 281], [281, 311], [311, 345], [345, 372], [372, 401], [401, 461], [461, 489], [489, 544], [544, 560], [560, 614], [614, 650], [650, 731]]
Q17RY0	[[0, 22], [22, 60], [60, 80], [80, 131], [131, 204], [204, 230], [230, 249], [249, 280], [280, 300], [300, 380], [380, 404], [404, 464], [464, 516], [516, 577], [577, 627], [627, 662], [662, 696], [696, 729]]
P42227	[[0, 39], [39, 116], [116, 136], [136, 195], [195, 242], [242, 259], [259, 318], [318, 366], [366, 429], [429, 464], [464, 537], [537, 561], [561, 589], [589, 609], [609, 678], [678, 704], [704, 722]]
Q9P286	[[0, 15], [15, 103], [103, 120], [120, 160], [160, 249], [249, 290], [290, 357], [357, 425], [425, 478], [478, 548], [548, 601], [601, 638], [638, 661], [661, 719]]
Q7TN99	[[0, 31], [31, 103], [103, 164], [164, 221], [221, 240], [240, 284], [284, 317], [317, 376], [376, 420], [420, 451], [451, 503], [503, 564], [564, 614], [614, 649], [649, 683], [683, 716]]
P24346	[[0, 31], [31, 79], [79, 176], [176, 280], [280, 306], [306, 399], [399, 463], [463, 483], [483, 533], [533, 577], [577, 619], [619, 667], [667, 697]]
Q9JJG9	[[0, 58], [58, 85], [85, 119], [119, 175], [175, 214], [214, 275], [275, 311], [311, 341], [341, 358], [358, 393], [393, 430], [430, 492], [492, 529], [529, 571], [571, 618], [618, 693]]
P10231	[[0, 59], [59, 112], [112, 161], [161, 215], [215, 280], [280, 301], [301, 332], [332, 387], [387, 417], [417, 440], [440, 486], [486, 514], [514, 532], [532, 560], [560, 590], [590, 611], [611, 652], [652, 693]]
O43524	[[0, 23], [23, 68], [68, 146], [146, 205], [205, 237], [237, 271], [271, 325], [325, 396], [396, 442], [442, 493], [493, 541], [541, 601], [601, 673]]
Q62985	[[0, 27], [27, 81], [81, 145], [145, 170], [170, 193], [193, 260], [260, 282], [282, 306], [306, 334], [334, 375], [375, 461], [461, 521], [521, 604], [604, 626], [626, 670]]
Q9BRK4	[[0, 25], [25, 53], [53, 76], [76, 106], [106, 125], [125, 154], [154, 201], [201, 232], [232, 268], [268, 325], [325, 386], [386, 439], [439, 467], [467, 488], [488, 534], [534, 560], [560, 607], [607, 627], [627, 669]]
Q9BY84	[[0, 25], [25, 48], [48, 83], [83, 155], [155, 238], [238, 295], [295, 368], [368, 405], [405, 464], [464, 498], [498, 546], [546, 590], [590, 665]]
P04014	[[0, 32], [32, 81], [81, 126], [126, 148], [148, 184], [184, 233], [233, 282], [282, 357], [357, 442], [442, 472], [472, 510], [510, 559], [559, 588], [588, 649]]
O15350	[[0, 32], [32, 48], [48, 75], [75, 124], [124, 158], [158, 251], [251, 270], [270, 299], [299, 348], [348, 382], [382, 428], [428, 491], [491, 545], [545, 596], [596, 636]]
Q06787	[[0, 60], [60, 126], [126, 156], [156, 178], [178, 218], [218, 283], [283, 320], [320, 396], [396, 440], [440, 488], [488, 526], [526, 572], [572, 616], [616, 632]]
Q14145	[[0, 49], [49, 94], [94, 168], [168, 219], [219, 253], [253, 324], [324, 379], [379, 412], [412, 460], [460, 507], [507, 533], [533, 554], [554, 608], [608, 624]]
Q9XF23	[[0, 44], [44, 65], [65, 116], [116, 135], [135, 193], [193, 263], [263, 305], [305, 362], [362, 392], [392, 424], [424, 477], [477, 530], [530, 550], [550, 592], [592, 623]]
P39723	[[0, 15], [15, 85], [85, 108], [108, 161], [161, 189], [189, 210], [210, 246], [246, 271], [271, 331], [331, 351], [351, 408], [408, 437], [437, 492], [492, 525], [525, 549], [549, 622]]
Q13490	[[0, 40], [40, 66], [66, 113], [113, 179], [179, 203], [203, 222], [222, 265], [265, 289], [289, 360], [360, 387], [387, 437], [437, 555], [555, 618]]
P11484	[[0, 15], [15, 80], [80, 115], [115, 143], [143, 197], [197, 238], [238, 275], [275, 335], [335, 381], [381, 419], [419, 477], [477, 516], [516, 541], [541, 558], [558, 574], [574, 613]]
Q93052	[[0, 40], [40, 62], [62, 113], [113, 132], [132, 181], [181, 207], [207, 227], [227, 267], [267, 301], [301, 344], [344, 386], [386, 413], [413, 479], [479, 558], [558, 592], [592, 612]]
O00255	[[0, 48], [48, 76], [76, 116], [116, 142], [142, 198], [198, 273], [273, 314], [314, 348], [348, 383], [383, 402], [402, 459], [459, 485], [485, 549], [549, 577], [577, 610]]
Q16236	[[0, 15], [15, 40], [40, 69], [69, 108], [108, 174], [174, 200], [200, 244], [244, 292], [292, 339], [339, 382], [382, 451], [451, 497], [497, 517], [517, 555], [555, 605]]
Q06219	[[0, 32], [32, 66], [66, 95], [95, 117], [117, 138], [138, 163], [163, 217], [217, 260], [260, 323], [323, 345], [345, 402], [402, 436], [436, 477], [477, 513], [513, 551], [551, 598]]
Q60795	[[0, 15], [15, 40], [40, 68], [68, 108], [108, 140], [140, 161], [161, 189], [189, 214], [214, 245], [245, 281], [281, 330], [330, 373], [373, 444], [444, 489], [489, 509], [509, 548], [548, 597]]
Q5TAQ9	[[0, 112], [112, 182], [182, 222], [222, 277], [277, 313], [313, 332], [332, 360], [360, 388], [388, 425], [425, 479], [479, 505], [505, 568], [568, 597]]
Q62074	[[0, 25], [25, 80], [80, 121], [121, 194], [194, 247], [247, 282], [282, 341], [341, 452], [452, 535], [535, 595]]
Q9UNH5	[[0, 15], [15, 34], [34, 92], [92, 157], [157, 179], [179, 215], [215, 243], [243, 271], [271, 328], [328, 391], [391, 433], [433, 489], [489, 546], [546, 594]]
O96013	[[0, 15], [15, 99], [99, 150], [150, 186], [186, 236], [236, 298], [298, 323], [323, 349], [349, 418], [418, 473], [473, 510], [510, 533], [533, 591]]
Q9HC62	[[0, 16], [16, 48], [48, 76], [76, 129], [129, 171], [171, 225], [225, 262], [262, 295], [295, 362], [362, 387], [387, 419], [419, 467], [467, 535], [535, 589]]
P16727	[[0, 18], [18, 44], [44, 106], [106, 135], [135, 160], [160, 232], [232, 275], [275, 296], [296, 363], [363, 404], [404, 431], [431, 481], [481, 502], [502, 536], [536, 586]]
O96018	[[0, 46], [46, 65], [65, 116], [116, 142], [142, 171], [171, 214], [214, 262], [262, 308], [308, 392], [392, 427], [427, 472], [472, 488], [488, 556], [556, 575]]
O00311	[[0, 43], [43, 86], [86, 137], [137, 153], [153, 200], [200, 275], [275, 302], [302, 363], [363, 408], [408, 469], [469, 537], [537, 574]]
Q9BZB8	[[0, 20], [20, 70], [70, 126], [126, 177], [177, 216], [216, 269], [269, 308], [308, 357], [357, 391], [391, 426], [426, 476], [476, 512], [512, 537], [537, 566]]
Q99741	[[0, 42], [42, 88], [88, 155], [155, 194], [194, 275], [275, 310], [310, 370], [370, 401], [401, 427], [427, 456], [456, 520], [520, 560]]
Q13485	[[0, 15], [15, 54], [54, 101], [101, 140], [140, 257], [257, 279], [279, 318], [318, 382], [382, 447], [447, 464], [464, 489], [489, 552]]
Q09137	[[0, 15], [15, 103], [103, 122], [122, 171], [171, 210], [210, 269], [269, 334], [334, 397], [397, 478], [478, 552]]
Q04206	[[0, 18], [18, 121], [121, 151], [151, 180], [180, 211], [211, 252], [252, 290], [290, 315], [315, 348], [348, 374], [374, 431], [431, 479], [479, 551]]
P30309	[[0, 17], [17, 101], [101, 143], [143, 240], [240, 278], [278, 361], [361, 377], [377, 404], [404, 449], [449, 487], [487, 550]]
P36616	[[0, 54], [54, 110], [110, 144], [144, 233], [233, 294], [294, 353], [353, 380], [380, 409], [409, 479], [479, 517], [517, 544]]
Q04584	[[0, 25], [25, 45], [45, 78], [78, 102], [102, 133], [133, 166], [166, 186], [186, 207], [207, 229], [229, 247], [247, 287], [287, 320], [320, 349], [349, 415], [415, 494], [494, 542]]
Q68SB1	[[0, 15], [15, 37], [37, 60], [60, 88], [88, 110], [110, 143], [143, 173], [173, 232], [232, 265], [265, 335], [335, 377], [377, 430], [430, 467], [467, 488], [488, 539]]
Q9H4D5	[[0, 15], [15, 33], [33, 61], [61, 80], [80, 109], [109, 140], [140, 157], [157, 194], [194, 283], [283, 340], [340, 378], [378, 409], [409, 436], [436, 455], [455, 497], [497, 531]]
Q9Y3I1	[[0, 16], [16, 45], [45, 82], [82, 212], [212, 303], [303, 331], [331, 372], [372, 422], [422, 475], [475, 522]]
P38861	[[0, 15], [15, 65], [65, 141], [141, 201], [201, 239], [239, 286], [286, 308], [308, 390], [390, 473], [473, 518]]
Q9Y572	[[0, 19], [19, 50], [50, 90], [90, 115], [115, 163], [163, 180], [180, 216], [216, 241], [241, 260], [260, 283], [283, 356], [356, 372], [372, 449], [449, 518]]
P14373	[[0, 15], [15, 36], [36, 94], [94, 131], [131, 208], [208, 234], [234, 255], [255, 313], [313, 368], [368, 435], [435, 467], [467, 513]]
Q9BYM8	[[0, 54], [54, 133], [133, 162], [162, 195], [195, 232], [232, 271], [271, 305], [305, 334], [334, 366], [366, 411], [411, 439], [439, 477], [477, 510]]
P15336	[[0, 18], [18, 49], [49, 106], [106, 161], [161, 207], [207, 231], [231, 269], [269, 339], [339, 374], [374, 424], [424, 467], [467, 505]]
Q96D46	[[0, 15], [15, 62], [62, 118], [118, 136], [136, 199], [199, 235], [235, 324], [324, 398], [398, 450], [450, 503]]
Q91YD9	[[0, 34], [34, 118], [118, 146], [146, 182], [182, 273], [273, 299], [299, 345], [345, 384], [384, 479], [479, 501]]
O00221	[[0, 63], [63, 87], [87, 147], [147, 224], [224, 248], [248, 286], [286, 362], [362, 392], [392, 425], [425, 442], [442, 479], [479, 500]]
P03243	[[0, 44], [44, 61], [61, 93], [93, 110], [110, 157], [157, 216], [216, 289], [289, 310], [310, 348], [348, 378], [378, 442], [442, 462], [462, 480], [480, 496]]
Q00987	[[0, 26], [26, 63], [63, 110], [110, 146], [146, 187], [187, 207], [207, 238], [238, 299], [299, 326], [326, 385], [385, 408], [408, 436], [436, 491]]
Q8N720	[[0, 37], [37, 125], [125, 170], [170, 208], [208, 283], [283, 325], [325, 352], [352, 376], [376, 402], [402, 430], [430, 472], [472, 491]]
P04807	[[0, 60], [60, 80], [80, 121], [121, 150], [150, 204], [204, 242], [242, 262], [262, 300], [300, 322], [322, 380], [380, 455], [455, 486]]
Q13547	[[0, 15], [15, 112], [112, 130], [130, 151], [151, 171], [171, 253], [253, 303], [303, 341], [341, 385], [385, 428], [428, 482]]
P54824	[[0, 36], [36, 65], [65, 95], [95, 132], [132, 149], [149, 201], [201, 240], [240, 293], [293, 335], [335, 382], [382, 416], [416, 481]]
P31749	[[0, 25], [25, 90], [90, 113], [113, 144], [144, 193], [193, 251], [251, 267], [267, 310], [310, 345], [345, 368], [368, 401], [401, 428], [428, 480]]
Q9Z1Y4	[[0, 39], [39, 90], [90, 107], [107, 182], [182, 254], [254, 280], [280, 329], [329, 348], [348, 419], [419, 464], [464, 480]]
Q9URY2	[[0, 55], [55, 97], [97, 134], [134, 171], [171, 226], [226, 268], [268, 303], [303, 356], [356, 418], [418, 451], [451, 474]]
O54992	[[0, 15], [15, 97], [97, 131], [131, 195], [195, 217], [217, 241], [241, 304], [304, 371], [371, 473]]
Q15797	[[0, 17], [17, 53], [53, 94], [94, 142], [142, 184], [184, 214], [214, 264], [264, 329], [329, 355], [355, 403], [403, 465]]
P32888	[[0, 29], [29, 57], [57, 91], [91, 151], [151, 179], [179, 225], [225, 281], [281, 308], [308, 350], [350, 395], [395, 441], [441, 465]]
P34078	[[0, 16], [16, 38], [38, 69], [69, 102], [102, 170], [170, 190], [190, 223], [223, 268], [268, 332], [332, 367], [367, 409], [409, 463]]
Q14457	[[0, 15], [15, 52], [52, 126], [126, 177], [177, 215], [215, 266], [266, 318], [318, 367], [367, 450]]
P14635	[[0, 20], [20, 41], [41, 85], [85, 109], [109, 150], [150, 200], [200, 225], [225, 243], [243, 278], [278, 339], [339, 433]]
Q7RTN6	[[0, 61], [61, 102], [102, 124], [124, 150], [150, 171], [171, 235], [235, 274], [274, 300], [300, 346], [346, 385], [385, 413], [413, 431]]
Q14653	[[0, 16], [16, 37], [37, 75], [75, 111], [111, 149], [149, 201], [201, 263], [263, 317], [317, 361], [361, 427]]
Q13148	[[0, 23], [23, 77], [77, 100], [100, 150], [150, 191], [191, 216], [216, 234], [234, 262], [262, 314], [314, 341], [341, 367], [367, 414]]
Q16254	[[0, 15], [15, 45], [45, 65], [65, 84], [84, 170], [170, 197], [197, 250], [250, 306], [306, 326], [326, 377], [377, 413]]
P29067	[[0, 18], [18, 49], [49, 98], [98, 138], [138, 172], [172, 224], [224, 278], [278, 315], [315, 346], [346, 410]]
P13350	[[0, 16], [16, 46], [46, 67], [67, 117], [117, 166], [166, 191], [191, 212], [212, 264], [264, 305], [305, 350], [350, 397]]
Q05116	[[0, 26], [26, 59], [59, 98], [98, 120], [120, 153], [153, 175], [175, 209], [209, 263], [263, 308], [308, 395]]
P04637	[[0, 17], [17, 88], [88, 142], [142, 159], [159, 191], [191, 231], [231, 250], [250, 277], [277, 323], [323, 352], [352, 393]]
P49138	[[0, 29], [29, 99], [99, 119], [119, 165], [165, 245], [245, 268], [268, 312], [312, 386]]
Q16828	[[0, 15], [15, 56], [56, 93], [93, 153], [153, 172], [172, 203], [203, 254], [254, 288], [288, 344], [344, 381]]
P30740	[[0, 26], [26, 83], [83, 167], [167, 215], [215, 233], [233, 261], [261, 336], [336, 379]]
P40427	[[0, 38], [38, 122], [122, 139], [139, 248], [248, 301], [301, 376]]
Q63450	[[0, 15], [15, 115], [115, 146], [146, 176], [176, 213], [213, 248], [248, 276], [276, 317], [317, 340], [340, 374]]
Q9HCN4	[[0, 17], [17, 100], [100, 117], [117, 181], [181, 238], [238, 260], [260, 298], [298, 327], [327, 374]]
P78545	[[0, 58], [58, 129], [129, 192], [192, 215], [215, 240], [240, 269], [269, 323], [323, 355], [355, 371]]
Q9NQS1	[[0, 48], [48, 90], [90, 173], [173, 209], [209, 278], [278, 346], [346, 362]]
O95149	[[0, 23], [23, 66], [66, 90], [90, 118], [118, 168], [168, 209], [209, 251], [251, 303], [303, 360]]
P28289	[[0, 15], [15, 83], [83, 103], [103, 133], [133, 189], [189, 285], [285, 312], [312, 359]]
P53686	[[0, 26], [26, 91], [91, 217], [217, 265], [265, 288], [288, 318], [318, 357]]
P03409	[[0, 40], [40, 80], [80, 104], [104, 142], [142, 209], [209, 266], [266, 321], [321, 353]]
Q96EV8	[[0, 23], [23, 45], [45, 93], [93, 138], [138, 164], [164, 208], [208, 230], [230, 256], [256, 296], [296, 351]]
P47973	[[0, 95], [95, 118], [118, 159], [159, 196], [196, 269], [269, 294], [294, 320]]
P25963	[[0, 65], [65, 102], [102, 155], [155, 175], [175, 205], [205, 254], [254, 281], [281, 301], [301, 317]]
Q14140	[[0, 35], [35, 72], [72, 144], [144, 180], [180, 220], [220, 259], [259, 298], [298, 314]]
Q9H9S0	[[0, 93], [93, 152], [152, 188], [188, 237], [237, 273], [273, 305]]
P46108	[[0, 15], [15, 65], [65, 84], [84, 134], [134, 190], [190, 236], [236, 304]]
ABC40399.1	[[0, 15], [15, 39], [39, 73], [73, 132], [132, 160], [160, 185], [185, 240], [240, 298]]
P22363	[[0, 16], [16, 90], [90, 131], [131, 184], [184, 205], [205, 297]]
P24385	[[0, 55], [55, 112], [112, 180], [180, 214], [214, 271], [271, 295]]
P06748	[[0, 15], [15, 39], [39, 73], [73, 132], [132, 160], [160, 185], [185, 240], [240, 294]]
Q99612	[[0, 27], [27, 44], [44, 81], [81, 120], [120, 155], [155, 195], [195, 225], [225, 283]]
Q96K30	[[0, 18], [18, 58], [58, 93], [93, 142], [142, 181], [181, 207], [207, 224], [224, 269]]
P08353	[[0, 17], [17, 57], [57, 85], [85, 123], [123, 161], [161, 189], [189, 232], [232, 263]]
P12004	[[0, 25], [25, 50], [50, 134], [134, 202], [202, 261]]
Q0PLR1	[[0, 15], [15, 67], [67, 105], [105, 154], [154, 171], [171, 248]]
P38483	[[0, 15], [15, 35], [35, 81], [81, 148], [148, 174], [174, 229]]
P70661	[[0, 72], [72, 132], [132, 214]]
Q9UMX3	[[0, 44], [44, 62], [62, 134], [134, 189], [189, 212]]
P43487	[[0, 23], [23, 47], [47, 101], [101, 166], [166, 201]]
P10188	[[0, 28], [28, 54], [54, 118], [118, 138], [138, 168], [168, 199]]
Q99653	[[0, 20], [20, 108], [108, 195]]
Q83414	[[0, 35], [35, 76], [76, 124], [124, 141], [141, 165], [165, 188]]
P24097	[[0, 52], [52, 77], [77, 116], [116, 158], [158, 186]]
Q01658	[[0, 41], [41, 110], [110, 160], [160, 176]]
P20067	[[0, 19], [19, 45], [45, 98], [98, 168]]
P38936	[[0, 48], [48, 79], [79, 138], [138, 164]]
O15392	[[0, 15], [15, 53], [53, 77], [77, 142]]
P41136	[[0, 27], [27, 72], [72, 134]]
C3W5S6	[[0, 30], [30, 62], [62, 88], [88, 121]]
P69718	[[0, 49], [49, 83], [83, 116]]
P03129	[[0, 39], [39, 98]]
P59636	[[0, 19], [19, 41], [41, 98]]
P61925	[[0, 49], [49, 76]]
